filename,start,end,transcription
001_Odsustvo_gospodina_Kristala_0-20.mp3,0,20,"Гилберд Кит Честертон Мудрост отца Брауна Отсутство господина Кристала Пријимне собе доктора Ориона Худа, угледног криминолога и струшњака за извесне моралне поремећаје."
001_Odsustvo_gospodina_Kristala_20-40.mp3,20,40,"Leže duž kejev u skarborovu, poput niza veoma velikih i dobro osvetljenih francuskih prozora okrenutih ka Severnom moru, nalik nekom beskrajnom spoljošnjem bedemu od plavo-zelenog mermera. Na takvom mestu more ima nešto od monotonije plavo-zelene lamperije,"
001_Odsustvo_gospodina_Kristala_40-60.mp3,40,60,"Родајама је владала страховита чистоћа, неразликујући се од страховита чистоће мора. Несмени да се посумља да су просторије доктора Худа исключавале раскош, па чак и поезију. Све је ту било на свом месту, међутим осећавао се да никад није ни било допуштено."
001_Odsustvo_gospodina_Kristala_60-80.mp3,60,80,"ušteno da ne nešto ne bude na svom mestu. Raskuši je bilo, na posebnom stolu nalazilo se osam ili deset kutija najboljih cigara. Ipak, bile su poredane, tako da su najjače uvek bile nadomak zida, a najblaže nadomak prozvara."
001_Odsustvo_gospodina_Kristala_80-100.mp3,80,100,"Ормарић за пиће, разуме се, био је под кљућем, а три врсте алкохолног пића, од којих свака изврсна попут ликера, увек су стајале на овом раскошном столу. Међутим, познавалац би рекао да су виски, бренди и рум изгледа увек били на истом нивову."
001_Odsustvo_gospodina_Kristala_100-120.mp3,100,120,"Poezije je bilo u čošku s leve strane nalazio se komplet engleskih klasika, dok su se u čošku s desne strane nalazili engleski strani fiziolozi. Međutim, ako bi neko iz tog niza uzao Čoserovu ili Sejljevu knjigu, praznina na njenom mestu razdraživala bi duh poput."
001_Odsustvo_gospodina_Kristala_120-140.mp3,120,140,"oput praznina na čovekovim prednjim zubima. Čovek ne bi mogao da kaže da te knjige niko nije čitao. Verovatno jeste, ali vladalo je osjećanje da su bile vezane za svoja mesta, poput Biblija u starim crkvama. Svoju ličnu policu s knjigama dr. Hood smatrao je gotovo javnom bibliotekom."
001_Odsustvo_gospodina_Kristala_140-160.mp3,140,160,"Iako je ova kruta naučna nedodirljivost natapala čak i police kraćate lirikom i baladama i stolove krcate pićem i duvanom, onda bez okolišanja treba reći da je još veća paganska svetos štitila druge police, koje su važile za biblioteku ovog specijaliste."
001_Odsustvo_gospodina_Kristala_160-180.mp3,160,180,"kao i druge stalove na kojima se nalazi osetljevi i čak bajkovit pribor za herniju ili može biti mehaniku. Dr. Hood koračao je nizom svojih prostorija oivičenim, kako dečačke knjige iz geografije kažu, na istoku Severnim morem, a na zapadu."
001_Odsustvo_gospodina_Kristala_180-200.mp3,180,200,"u zbijenim redovima njegove sociološke i kriminološke biblioteke. Nosio je somot, kakav nosa umetnici, ali bez imalo umetničke bezbrižnosti. Kosa mu je bila u veliko prošarana sednju, ipak bila je gusta i zdrava. Lice mu je bilo mršavo. Ali sangvinično i u iščekivanju."
001_Odsustvo_gospodina_Kristala_200-220.mp3,200,220,"Sve u vezi s njim i njegovom sobom ukazivalo je na nešto uistimah i kruto i uznemirujuće, poput tog ogromnog Severnog mora, pored kojeg je, na čistim načelima higijene, podigao svoj dom. Sudbina je, našavši se u veselom raspoloženju, otvorila vrata i u te dugačke"
001_Odsustvo_gospodina_Kristala_220-240.mp3,220,240,"stroge, moremoivičene prostorije uvela ono koje je verovatno bio najupadljivija suprotnost njima njihovom vlastiku. Odgovor na osečne, ali uljudne pozive. Vrata se otvoriše na unutrašnju stranu i u prostoriju se dogega bezobilična mala prilika, koja izgleda svoj šeširik."
001_Odsustvo_gospodina_Kristala_240-260.mp3,240,260,"Kišobran smatrala nepodesnim poput gomile prtljaga. Kišobran je bio crn, a prozaičan zavežljej odavno vraćen s popravke. Še širje je bio crn sa širokim obodom, sveštenički, ali u englesku i nesvakidašnji. Čovek je bio pravo pravca toličenja svega uobičajenog je bilo."
001_Odsustvo_gospodina_Kristala_260-280.mp3,260,280,"beznadežnog. Doktor pogleda na ovo pridošlog s prikrivenim zaprepašćenjem, za razliku od ono koje bio ispoljuju ako bi neka krupna, ali očevi do bezopasna morska zvijer dopuzala u njegovu sobu. No bi pridošli osmotri doktora onom blistavom, ali oberužavajućem dobrodušnošću."
001_Odsustvo_gospodina_Kristala_280-300.mp3,280,300,"Tako, svojstvenu korpulentnoj spremačici koja samo što je uspela da se ugura u autobus. U tome i jeste draž zabune društvenog samozadovoljstva i telesne zbrke. Šešir mu padi na tepiha, a nezgrepan kišobramnu stresak mu skliznu između kolena. On se maši za prvim."
001_Odsustvo_gospodina_Kristala_300-320.mp3,300,320,"i sagnu za drugim, ali s ništa manjim osmehom na svom okruglom licu, u isti mah progovori baš ovako. Zovem se Braun. Molim vas da mi oprostite. Došao sam u vezi s onom stvari oko maknapsovih. Čuo sam da često pomažete ljudima da se izbave iz takve."
001_Odsustvo_gospodina_Kristala_320-340.mp3,320,340,"Molim vas, oprostite mi ako grešim. Do tog trenutka uspeo je da, koprcejući se namesti šeširi, da njime izvede neobičan mali, hitar naklon, kao da je sve u savršenom redu. Jedva da vas razumem, odurati naučnik i sjavajući."
001_Odsustvo_gospodina_Kristala_340-360.mp3,340,360,"Plašim se da ste pogrešili odelenje. Ja sam dr. Hood i moj rad gotovo u potpunosti je naučni i obrazovni. Tačno je da je me policija tu i tamo pitao za savet, ali to je bilo unaročito osetljivim i važnim slučajevima."
001_Odsustvo_gospodina_Kristala_360-380.mp3,360,380,"Ali o ova stvari od najvećeg značaja upade mu u reč čovečuljak po imenu Brown, ama njena majka neće dopustiti da ih umešaju i zavali se u fotelju, blistajući od razboritosti. Obrve doktora Hooda spustiše se i smrkoše."
001_Odsustvo_gospodina_Kristala_380-400.mp3,380,400,"Ali oči ispod njih caklele su se od nečeg što bi mogao da bude gnev, ali bi mogla da bude i radost. I dalje reče on, ne razumem baš sasvim. Vidite, oni žele da se venčaju, reč čovjek sa sveštiničkim šeširom."
001_Odsustvo_gospodina_Kristala_400-420.mp3,400,420,"Mladi Todd Hunter žele da se venčaju. Dakle, šta bi moglo da bude važnije od toga? Velike naučne pobede lišile su Oriona Hooda mnogih stvari. Neki pomenju njegovo zdravlje, drugi boga. Međutim, nisu ga svim lišile smisla za absurdno."
001_Odsustvo_gospodina_Kristala_420-440.mp3,420,440,"A poslednje reči ima štoglavog sveštenika, prigušen smeh provali iz njega i on se zavali u naslonjaču u ironičnom položaju lekara, od koga se očekuje savjet. Gospodine Braun, reč on smrtno ozbiljan, ima gotovo četrnaest i po godina od kako su me lično zamolili da ispitam jedan osetli problem."
001_Odsustvo_gospodina_Kristala_440-460.mp3,440,460,"u ono vreme, bio je to slučaj u vezi s pokušajem trovanja francuskog predsednika na prijemu kod gradonačelnika. Sad se, koliko shvatam, pitanje odnosi na to da li je izvesna vaša prijateljica po imenu Megi prikladna verenica za izvesnog svog prijatelje po imenu Toma."
001_Odsustvo_gospodina_Kristala_460-480.mp3,460,480,"Vidite, gospodine Brown, ja sam ispravan čovek, prihvatiću se ovoga. Porudicima Knab daću najbolji savet koji mogu dobar koliko je onaj koji sam dao Francuskoj Republici i Angleskom kralju. Ne, daću im bolji."
001_Odsustvo_gospodina_Kristala_480-500.mp3,480,500,"14 godina bolji. Nemam ništa u planu za danas posle poodne. Ispričajte mi vašu priču. Maleni sreštenik po imenu Braun, zahvali mu se, razume se, srdačno, ali i dalje uz izvesno uvrnutu notu jednostavnosti. Izgledalo je kao..."
001_Odsustvo_gospodina_Kristala_500-520.mp3,500,520,"да се пре захвалљивао незнанцу у просторији запушења због тога што му је неспретно пружују шибице, него да се тако рећи захвалљивао управнику. Кралјевске ботаничке баште због тога што је овој приставо да изађе с ним на ливаду и тражи деталину с 4 листа, једва да је..."
001_Odsustvo_gospodina_Kristala_520-540.mp3,520,540,"srdačno se zahvalivši, bilo mesta za tačku u zarez kad čoveč uljak otpoče svoj recital. Rekon sam vam da mi je ime Braun, dakle to je činjenica, i ja sam sveštenik katoličke crkve koju ste, usuđujem se da kažem, spazili iz ovih krivudavih ulica."
001_Odsustvo_gospodina_Kristala_540-560.mp3,540,560,"Тамо где се град завршава у правоцу севера, у последњо је и најкриву давио је од ових улица, које попрут морског бедема прате обалу мора, живи веома частан припадник мог стада, премда прилично незгодне нарави. Удовице по имену Макнаб има једну кћерку."
001_Odsustvo_gospodina_Kristala_560-580.mp3,560,580,"i da je u stanove u najam, a između nje i njene kćerke, i između kćerke i stanara, usuđujem se da kažem, ima što šta da se kaža o bejama stranama. U ovom času ima samo jednog stanara, mladiće po imenu Todd Hunter. Međutim..."
001_Odsustvo_gospodina_Kristala_580-600.mp3,580,600,"O njoj zada je više nevolja nego svi ostali zajedno, budući da želi da se oženi devojkom iz kuće, a devojka iz kuće, upite dr. Hood, uz ogromno i neprimetno likovanje šta ona želi. — Eh, želih da se uda za njega, uzriknuo atac Brown, uspravjuši se žustro."
001_Odsustvo_gospodina_Kristala_600-620.mp3,600,620,"«Sva ova strašna zbraka. Zaista jeziva zagonetka», reče dr. Hood. «Taj mladi James Todd Hunter», nastavi sveštenik, «veoma je pristojan čovek, koliko je meni poznato, ali opet niko ne zna previše. On je biser, preplanuo mladići, okretan poput šipanze, uredno obrijan poput češnja."
001_Odsustvo_gospodina_Kristala_620-640.mp3,620,640,"glumca, predusretljiv kao pravi dvoranin. Izgleda da ima pun džeb para, međutim niko ne zna čime se bavi. Gospod Jema Knab sklona pesimizmu, stoga je prilično sigurna da je reč o nečem užasnom i verovatno nečemu vezi s dinamitom, a opet dinamit mora da je"
001_Odsustvo_gospodina_Kristala_640-660.mp3,640,660,"од снебивљиве и бешумне природе, јер сиротан се повлачи да неколико сати током дана и проучава нешто иза закључених врата. Он каже да је његово осамљивање је привремено и оправдано и обећава да ће све објаснити превенчања. То је оно што свако поуздано зна, али Господђе Макнабис прићеће вам и много."
001_Odsustvo_gospodina_Kristala_660-680.mp3,660,680,"mnogo više od onoga što joj je poznata. I sami znate da na nepoznavanju poput ovog priče bujaju kao korov. Priče se o dva glasa koja se čuju kako razgovaraju u sobi. Premda kad se vrata otvore, to od hantara uvek zatiču samog. Priča se o zagunetnom visokom čoveku"
001_Odsustvo_gospodina_Kristala_680-700.mp3,680,700,"koji se jednom pojavio iz morske izmaglice i, očigledno, pravo iz mora, u sumrak meko koračujući preko pešanih polja, zašao u mali vrt sa stražnje strane, da bi ga potom čuli kako razgovara sa stanarom koji je stajao kraj otvorenog prozora."
001_Odsustvo_gospodina_Kristala_700-720.mp3,700,720,"Разговор се, изгледа, завршио свађом. Тодд Хантер је жестоко залупио свој прозор, а човек с цилиндром поново исчезао измагрици мора. Ову прићу исплела је породица и све снаге мистификујући, међутим мислим да је госпође Макнаб уједнао."
001_Odsustvo_gospodina_Kristala_720-740.mp3,720,740,"istinu priluženija sopstanoj priči, da taj drugi čovek, ili šta god da je u pitanju, svake noći izmili iz velikog sanduka u uglu koji je, inače, preko dana zaklučan. Vidite, dakle, kako ova zapečećenata od Hunterova vrata postoju kao..."
001_Odsustvo_gospodina_Kristala_740-760.mp3,740,760,"Трапија свих могућих у образиља и чудовишта из хиљаду и једне ноћи. Па ипак, ето човека у његовом дотераном црном капуту, тачног и безозленог попут зидног саата. Кирију плаћа тачну секунд. Практично је трезвенјак. С децом је љубазан до изнемоглости и успеја."
001_Odsustvo_gospodina_Kristala_760-780.mp3,760,780,"da ih zabavlja po ceo dan, i na kraju što je od najveće hitnosti u istoj meri svidel si najstarijoj kćerki, koja je spremna da sutradan pođe s njim u crkvu. Čovek, strastno zagrejan za svaku veliku teoriju, uvek ima zadovoljstvo da je primjeni na besneslice. Veliki stručnjak."
001_Odsustvo_gospodina_Kristala_780-800.mp3,780,800,"Udostojiši se sveštanikove jednostavnosti, udostoio je se saosećajno. Udobno se smesti u svoju fotelju i progovorio tonom predavača po malo odsudnog duhom. Čak i kod najjednostavnijih slučaja, najbolje je najpre sagledati glavne pravce prirode. Ne kod sveće, možda neće sveće."
001_Odsustvo_gospodina_Kristala_800-820.mp3,800,820,"спенути је с долоском зиме, али цвеће свакако вене. Неки шљунак можда се нејће овлажити од плиме. Саједно плима надолази. У очима науке, сва човекова историја представљена је с колективних покрета, разарања или миграција, попут масакра мува у зиму или повратка птица у пролечи."
001_Odsustvo_gospodina_Kristala_820-840.mp3,820,840,"Dakle, osnovna činjenica u čitevoj istoriji jeste rasa. Rasa oblikuje religiju, rasa oblikuje zakon i običaje rata. Nema izrazitijeg slučaja od slučaja divljeg, onostranog i opakog roda, koje uobičajeno nazivamo keltima, čiji su obrazaci vaši prijatelji, maknali."
001_Odsustvo_gospodina_Kristala_840-860.mp3,840,860,"Ситни и црнпурасти од те снене и номадске лозе, они лако прихватају празноверне објашњења сваког догађаја, исто као што и даље прихватају. Опростићете ми што то кажам. То празноверне објашњења свих оних догађаја које ви и ваша црква представљате, није ни чуљо."
001_Odsustvo_gospodina_Kristala_860-880.mp3,860,880,"Šudo što takvi ljudi uz hučanje mora od pozadi i crkvu, oprostite mi još jednom, koja im drobi spreda, pripisuju odliki fantastičnog onome što su verovatno obični događaj. Vi s vašim nevelikim parohijskim odgovornostima vidite samo ovu neobičnu odliku."
001_Odsustvo_gospodina_Kristala_880-900.mp3,880,900,"Госпођу Макнаб, престрављену овом пробраном причом о два гласа и високом човеку из мора. Међутим, човек научне имагинације види тако рећи цео клан Макнабових рассејан под целом свету. На крају крајева, просечно је..."
001_Odsustvo_gospodina_Kristala_900-920.mp3,900,920,jednoličan poput jata ptica. Takav čovek vidi na hiljade gospođama knab kako u hiljadama domova sipaju kaps ostvajne pakosti u šolju čaja svojih prijatelja. Takav čovek vidi pre nego što je naočnik uspeo da dovrši rečenicu. Napolju se oglasi drugi i daleko
001_Odsustvo_gospodina_Kristala_920-940.mp3,920,940,"Прилика у гиздавој сукни жустро је корачала ходником и на вратима се појави млада девојка, пристојно је бучена, али растројена и усплахирена од журбе. Имала је плаву косу, од мора расветало, а дају јагодице по том шкотском обићају, нису биле малчице испукченије и румени."
001_Odsustvo_gospodina_Kristala_940-960.mp3,940,960,"Njeno izvinjenje bilo je ocečno poput zapovesti. Izvinjavam se što vas ometam, gospodine, reče ona. Ali moram odmah da povođem po oca Brauna. U pitanju je ništa manje nego život ili smrt. Otac Braun promeškolji se nekako."
001_Odsustvo_gospodina_Kristala_960-980.mp3,960,980,"Zbog čega, šta se dogodilo, Megi, reče on, James je ubijen, sudeći po onome što mogu da razaberem, odgovori devojka i dalje zadihana. Taj čovek, Kristal, opet je bio kod njega, kroz vrata sam ih sasvim razgovetno čula kako razgovore."
001_Odsustvo_gospodina_Kristala_980-1000.mp3,980,1000,"Два различита гласа, јер Джеймс говори дубоким, храповим гласом, а други глас био је висок и треперав. Тај човек Кристал, понови свештеник, понало збунјен. — Знам да му је име Кристал, — отговоре девојка, — веома несрпљиво."
001_Odsustvo_gospodina_Kristala_1000-1020.mp3,1000,1020,"Чула сам кроз врата, свађили су се, мислим, око новца, јер чула сам како Джеймс понавља «тако је, господине Кристал», или «не, господине Кристал», а онда «два или три, господине Кристал». Али запричали смо се, морате да пођете из ових стопа, можда је још има времена."
001_Odsustvo_gospodina_Kristala_1020-1040.mp3,1020,1040,"— Ali vremena za šta? — upita dr. Hood, koji je mladu devojku proučavao s upadljivim zanimanjem. — Šta je to u vezi s g. Kristavom i njegovim novcem da zahteva takvu hitnost? — Pokušala sam da razvalim vrata, ali nisam uspela, — odgovori devojka kratko."
001_Odsustvo_gospodina_Kristala_1040-1060.mp3,1040,1060,"Ono sam otočala u stražnje dvorište i uspela da je uz pentram do praga onog prozora koji gleda na sobu. Sve je bilo nejasno, izgledalo je pusto, ali kunem se da sam videla Jamesa kako leži šćućuren u uglu, kao da je drogiran ili udavljen. Ovo je veoma ozbiljno."
001_Odsustvo_gospodina_Kristala_1060-1080.mp3,1060,1080,"«Uzimajući svoj neobičan šešjer i kišobran, zatim ustavuši u svetlu činjenice da sam vaš slučaj upravo izložio ovom gospodinu a njegovo stanovište, uveliko se promenilo», reče naočnih svečana."
001_Odsustvo_gospodina_Kristala_1080-1100.mp3,1080,1100,"I budući da nemam ništa drugu u planu, uzet ću še širi prošetati se do grada s vama. Kroz nekoliko minuta, svo troje približavali su se turobnom kraju ulice Maknabovih, devojke neumoljivog i zadihalog koraka planinara, kriminologu,"
001_Odsustvo_gospodina_Kristala_1100-1120.mp3,1100,1120,"opuštenog, raciozan, ali nebezizvestne hitrine svostvene leopardu i sveštenik u žustrom kasu, bez ikakvog obeležja. Izgled ovog kraja grada nije sasvim poricao doktorove nagove što je u vezi sa utučenim raspoloženjem i okruženjom."
001_Odsustvo_gospodina_Kristala_1120-1140.mp3,1120,1140,"су дужобале све даље једно од друге у разбијеном низу, после подне се окончавало прераним и по мао језивим сумраком, море је било мастилјаво румене боје и злокобно је хучало. У распарчаном стражњим вртума кнабових, који се спуште од сања,"
001_Odsustvo_gospodina_Kristala_1140-1160.mp3,1140,1160,"до песка, два црна на изглед јалова дрвета стајала су попут демонских руку подигнутих у висот за препащћења. И док је господђе Макнап трчала низ улицу, пошавши им у сусред својим кощатим рукама, раширеним попут она два дрвета и распомомљеног лица у сенце,"
001_Odsustvo_gospodina_Kristala_1160-1180.mp3,1160,1180,"По мало је и сама подсећала на демона. Доктор и свештеник једва да су се одозвали на њено пискаво понављање онога што је већ испричала њена ћерка, али уз више узнемирјућих детаља приде на заветовање по на особ да ће се осветити господину Богу."
001_Odsustvo_gospodina_Kristala_1180-1200.mp3,1180,1200,"за убийство и господину Тодд Хантеру због тога што је убијен, то јест овом другом што се дрзно да пожели да се ожени њеном кћерком, а није поживео да то уради. Он је продњуше кроз узан пролаз испред куће и на крају се нађуше испред станаревих врата."
001_Odsustvo_gospodina_Kristala_1200-1220.mp3,1200,1220,"I tu dr. Hood, lukavstvom iskustnog detektiva, prisloni rame tik uz dasku i razvali vrata. A ukazao se prizor neme katastrofe. Svi koji su ga osmotrili, ni na trenutak nisu mogli da posumnjuju da je soba bila poprište izvestne zastrašujuće boje."
001_Odsustvo_gospodina_Kristala_1220-1240.mp3,1220,1240,"između dve ili može biti više osoba. Karte za igru ležale su razbacene na stolu, tj. po podu, kao da je igra bila naglo prekinuta. Dve vinske čaše stajale su na stočiću, pripremljene za vino, ali treća je, poput kristalne zvezde, ležala smrskela na tepi."
001_Odsustvo_gospodina_Kristala_1240-1260.mp3,1240,1260,"Неколико хорака од аце лежало је нешто што је личила на дугачак нож, односно кретак мач, али с украшеном и осликаним ручком, а до тупе оштрице управо је допирал сиви оцијај, са суморног прозора иза ње, окренута ка црном дрвећу на оломој подлози мора."
001_Odsustvo_gospodina_Kristala_1260-1280.mp3,1260,1280,"Kada su u obrotnom uglu sobe odkotrljao se gospodinov cilindar kao da mu je malo časa spao za glave, u istinu čovek gotovo da ga je video kako se i dalje kotrlja. A u uglu, iza cilindra bačen kao džak krompira, ali vezan poput prtljaga u vagonu, ležao je gospodin James Todd Cantor, s maramom preko usta i šest sedam."
001_Odsustvo_gospodina_Kristala_1280-1300.mp3,1280,1300,"Užadi uveza njih oko laktova i članak. Njegove smeđe oči bile su žive i uznemirano su se micale. Doktor hudno je trenutak zastede na utiraču i pogledom buhvati celo poprište, nemog nasilja. Potom hitro pređe preko tepiha, podiže cilindar i svečano ga stavi na glavu."
001_Odsustvo_gospodina_Kristala_1300-1320.mp3,1300,1320,"da mu je skliznuo gotovo do ramena. «Cilindar gospodina Kristala», reče doktor, vraćujući se s njim i zavirujući u njegovu unutrašnjost džepnom lupom, kako objasniti otsustvo gospodina Kristala i prisustvo njegovog cilindra? Jer gospodin Kristal, koji je učinio da je njegov cilindar učinio da je njegov cilindar učinio da je njegov cilindar učinio da je njegov cilindar učinio da je"
001_Odsustvo_gospodina_Kristala_1320-1340.mp3,1320,1340,"Кристал не односи сенемарно према собственој одећи. Овај шешир модерно је обликај, пажљиво је ишчеткан и углачан, премда није баш нов. Стари кице, што рекао бих. Али Бога му узвикну Господњица Макраб. Зар не ћите најпре одвезати човека? Намерно кажем, стари."
001_Odsustvo_gospodina_Kristala_1340-1360.mp3,1340,1360,"prenda ne sa sigurnošću nastavi izlagač. Razlog za to može da izgleda donekle nategnut. Čovekova kosa opada u veoma različitom stepenu, ali gotovo uvek opada sasvim neznatno, a uz pomoću lupe trebalo bi da opazim nedavno opale dlake. Nema ni jedne što me navodi na pretpostavu."
001_Odsustvo_gospodina_Kristala_1360-1380.mp3,1360,1380,"Dakle, kad ovo povežemo s piskavim i ljutim glasom koji je gospodjica Maknab tako živosno opisala, strpljenja, draga damo, strpljenja. Kad ćelavu glavu povežemo s glasom svojstenim staračkoj srditosti, mislim da bismo mogli da zaključimo da se radi o piskavim i ljutim glasom."
001_Odsustvo_gospodina_Kristala_1380-1400.mp3,1380,1400,"по одмаклим годинама. Међутим, човек је вероватно био снажан и готово издесно висок. У издесној мере могу да са основним наприћују о његовом предходном појављивању на прозору као високом човеку с цилиндром. Међутим, мислим да сам дошео до много прецизње предпоставње. Крхотине ове чаше за вино налазе сега."
001_Odsustvo_gospodina_Kristala_1400-1420.mp3,1400,1420,"se svude naokolo, ali jedno od parčića leži na podupiraču pored kamina. Nikakva krehotina ne bi moga da padne na ovo mesto ako bi se čaša raspukla u ruci relativno niskog čoveka, poput gospodine Todd Huntera. Usput, reče otec Brown, zar ne bi bilo dobro dvezati gospodine Todd Huntera?"
001_Odsustvo_gospodina_Kristala_1420-1440.mp3,1420,1440,"«Наше предавање о винским чашаме овде се не завршава», настави стручњак. «Могу одмаг да кажем да је могуће да је дотичник ристило ће лавио или поживчанио пре услед распусног живота, него због поодмаклих година». Господин Толхантер је, као што се зна, тих, штедљив господину у суштини правија."
001_Odsustvo_gospodina_Kristala_1440-1460.mp3,1440,1460,"Ove karate i čaše za vino nisu deo njegovih uobičajnih navika, one su iznete zbog posebnog posetioca. Međutim, kao što se događa, možemo da idemo i dalje od toga. Gospodin Todd Hunter mogao je ili nije da posaduje ovu vinsku garnituru, ali nema nikakvog dokaza da je on posadao bilo kakvo vino."
001_Odsustvo_gospodina_Kristala_1460-1480.mp3,1460,1480,"Šta je onda bilo u ovim čašama? Odmah bih ukazao na brendi ili viski, možda od neke bolje vrste iz Pljovske i gospodina Kristala. Na taj način sazdali smo nešto poput slike ovog čoveka ili makar od njegovog soja. Visok, bremešan, modern, premda donekle otracan, svakako ljubitelj karata i žestoka piće."
001_Odsustvo_gospodina_Kristala_1480-1500.mp3,1480,1500,"Možda i više od ljubitelja. Gospodin Kristal svakako nije gospodin nepozlat na rubovima društva. — Slušajte, — zalapi mlada žena, — ako mi ne dopustite da ga odvežem, otročeću napolje i vriskom ću dozvati policiju. — Ne bih vam savjeto ovo, gospodjice McNabb, — reče dr. Hoots večano."
001_Odsustvo_gospodina_Kristala_1500-1520.mp3,1500,1520,"да журите да обавестите полицију. Оче Браун, најозбирње вас молим да уразумите своје стадо за њихово добро, не моје. Такле, уочили смо нешто од личности и особина господина Кристала, које су главне чинјенице које се знају у господину Толхантеру. У суштини има их три."
001_Odsustvo_gospodina_Kristala_1520-1540.mp3,1520,1540,"da je ekonomičan, da je manje više bogati, da ima tajno. Dakle, nema sumnje, očigledno je da su to tri glavne crte čoveka koji je predmet iznude. I svakako je podjednak, očigledno da su iz obledev sjaji, rasipničke navike i prenadraženost gospodina Kristala, nesumnjivo obeleže čoveka koji ga je ucenjivao. Imamo dve tipične figure u tragediji."
001_Odsustvo_gospodina_Kristala_1540-1560.mp3,1540,1560,"iznudživanjem novca, s jedne strane uglednog čoveka s tajnom, s druge vestenskog strvinara s nosem zatajanstveno. Ova dva čoveka sastala su se danas isporečkala, upotrebivši pesnice i kladno oružje. — Hoćete li mu skinuti ove konce? — upita devojka tvrdoglavo."
001_Odsustvo_gospodina_Kristala_1560-1580.mp3,1560,1580,"Pažljivo vrati cilindar na stočić i pristupi sužnju. Pažljivo ga je proučavao, čak ga je i malo pomerao i napolamo okretao ramena, ali samo je uzvratio. Ne, mislim da će ovi konopci veoma dobro poslužiti dok vaši prijatelji policajci ne donesu lisice. Otac Brown, koji je tu pozurio u tepih, podiže svoje okruglo lise."
001_Odsustvo_gospodina_Kristala_1580-1600.mp3,1580,1600,"i reče, na šta ciljate. Čovek od nauke pokupi neobičen bodr stepiha i dobro ga proučivši uz vrati. Budući da ste svi zatekli gospodina Tollhantera vezanog, reče on, svi ste došli do zaključka da ga je gospodin Kristal vezao, a potom, predpostavljam, umakao."
001_Odsustvo_gospodina_Kristala_1600-1620.mp3,1600,1620,"Tu se javljaju četiri nedostatka. Prvi, zbog čega bi gospodino Bučan poput kristala ostavio šešir za sobom, ako je otišao od svoje volje. Drugo, nastavi on, prišavuši prozoru, ovaj jedini izlaz izabravljen je sa unutrašnje strane. Treće, ovo sečivo, na vrhu ima trag, krvi, ali na gospodinu totka nema."
001_Odsustvo_gospodina_Kristala_1620-1640.mp3,1620,1640,"Antaru nema rane. Gospodin Kristal odnoje tu ranu sa sobom, živ ili mrtav. Sve mu ovome dajte najveću moguću izvesnost. Mnogo je verovatnije da bi ucenjivani pokušao da usmrti svog zloduha, nego što bi ucenjivač pokušao da se odrekne koke koja leži na njegovim zlatnim jajima."
001_Odsustvo_gospodina_Kristala_1640-1660.mp3,1640,1660,"Dakle, mislim da imamo sasvim zaokruženu priču, ali konopci, zaimterovao se sveštenik, auči mu ostadošće širom otvoreno od više nego praznog divljenja. A konopci, reče strušnjak posljednim naglaskom, gospiđica Maknab silno je žudela da sazna zbog čega nisam"
001_Odsustvo_gospodina_Kristala_1660-1680.mp3,1660,1680,"sam odvezao gospodina Toddhuntera, dakle reći ću joj. Nisam to učinio zbog toga što gospodin Toddhunter može i sam da se odveže kad god mu se prohte. Šta? Uzdahnuše prisutniju sasvim različite njanse za prepošćenja. Pregledao sam sve čvorove na gospodinu Toddhunteru. Ponovi hud smireno."
001_Odsustvo_gospodina_Kristala_1680-1700.mp3,1680,1700,"И сам знам нешто о чворовима. Они су посебна грана криминалистике. Све ове чворове сам је завезао. И сам може да их развеже. Ниједан од њих није дело супарника који стварно покушава да га свеже. Читабо ова ствар с конопцима веома је вешта подвала, како би нас навела да помислимо да је он жртва борбе, а не сироти Кристо."
001_Odsustvo_gospodina_Kristala_1700-1720.mp3,1700,1720,"čiji leš možda leži sa krivenu vrtu ili gurnutu dimnjak. Nastade više nego u beskrabrujući tajac. Soba se smračelo, od mora sparušeno grani na drveću vrtu izgledalo je natmurenije i crnje nego ikad. Ipak izgleda da su se svi primakli prozoru. Čovek bi od ovih grana gotovo..."
001_Odsustvo_gospodina_Kristala_1720-1740.mp3,1720,1740,"Једно помислио да су морска чудовишта налика кракедол и сипи, згрчени полипи који су испузали из мора како би посведочили о крају ове трагеђе, баш као што и он, ништарија и жртва ове трагеђе. Тај застрашујући човек с цилиндром једном испузао из мора, јер да је једна измрзена."
001_Odsustvo_gospodina_Kristala_1740-1760.mp3,1740,1760,"Са околини ваздух био испуњен болесним осећањем присуства уцене, најскваренијем од свега међу људима, јер то је злочин којим се прикрива злочин. Црни фластер на још црњој рани. А лице маланог католичког свештаника, које обишно било само задоволено, па чеки."
001_Odsustvo_gospodina_Kristala_1760-1780.mp3,1760,1780,"i smešno, iznenada prekri teška namrgođenost. Nije to bila prazna radoznulost njegove probitne bezazlenosti, pre je to bila ona stvaralačka radoznulost, koja se javlja kad se u čoveku značna ideja. Ponovite to, molim vas, reče on na jednostavan dosadan način. Mislite da Todd Hunter može..."
001_Odsustvo_gospodina_Kristala_1780-1800.mp3,1780,1800,"sam sebe da veže i sam sebe da odveže. Tačno tako, reče doktor. Jerusalim otese Brownu izdena dna. Pitam se, može li uopšte da bude tako? On se sjuri na drugi kraj sobe kao nekakav zec i s potpuno novim žarom zagleda se u delimično prekriveno lice sužnja."
001_Odsustvo_gospodina_Kristala_1800-1820.mp3,1800,1820,"Potom svoje više nego šašalo lice okrenu kao stalima. Da, to je uzviklunost nenameštenim ushićenjim. Zar ne vidite na čovekovom licu, e pogledajte mu oči, i profesori devojka slediše pravac u kojem je ovaj gledao, i premda je široka crna marama potpuno zaklanjala donju polovinu tuthantrovog lica."
001_Odsustvo_gospodina_Kristala_1820-1840.mp3,1820,1840,"postali su svesni nečeg praćakavog i žustrog na gornjoj polovini. Oči mu zaista izgledaju čudno, uzlikno mlada žena, neobično dirnuta, baš ste svirepi, verujem da ga boli. Nije da ne verujem reče dr. Hood, da, oči mu svakako imaju jedinstveni izraz."
001_Odsustvo_gospodina_Kristala_1840-1860.mp3,1840,1860,"Ali ova izvrčkane nabore radi je tumačen kao izvestan izraz pre nego neznatan psihološki nedostatak. Ma gluposti, uzviknu otac Brown. — Zar ne vidite da se on smeje? — Smeje? — ponuli doktor, trgnuši se. — Ali čemu bi se zaime sve ta smejao? — Pa... — uzvrati..."
001_Odsustvo_gospodina_Kristala_1860-1880.mp3,1860,1880,"prečasni Brown kao pologeta. Da ne budemo preoštri, mislim da se smeje vama. I u istinu, dovoljnekle sam i sam sebi smešan sad kad sam dokučio. Kad ste dokučili šta? Upita Hood do nekve razdraže. Sad kad sam dokučio, uzrati sveštenik, zanad gospodina Toothcuntera."
001_Odsustvo_gospodina_Kristala_1880-1900.mp3,1880,1900,"On pređe preko sobe, razgledajući jedan predmet za drugim pogledom, koji gotovo da je bio prazan, a onda podjenako prazno prasnu smeh, što je do krajnosti razdraživalo one koji su bili prisiljeni na to gledaju. Sice nasmeje o cilindru, još grohotnije razbijenoj čaši, ali i od krvi."
001_Odsustvo_gospodina_Kristala_1900-1920.mp3,1900,1920,"Na vrhu mača počeo je da se grči u deselja. Potom se okrete gnevnom strušnjaku. Doktor je hud, uskliknuo on udušeljeno. Niste veliki pesnik. Dozvali ste još neruđenog stvora iz bezdana. Koliko biste još božanstveniji bili da ste lovili samo gole činjenice."
001_Odsustvo_gospodina_Kristala_1920-1940.mp3,1920,1940,"U istinu, puke činjenice više su nego opšte mesto i neuporedivo smešnije. Nemam pojma o čemu pričate, reče dr. Hood, više nego nadmeno. Moje činjenice su sve do jedne neizbežne, premda nevinovno nepotpune. Možda se napravi mesta za intuiciju, možda ili za poeziju o kom se više dopada taj izraz."
001_Odsustvo_gospodina_Kristala_1940-1960.mp3,1940,1960,"Ali samo zbog toga što odgovarajući detalji još ne mogu da se utvrde. U odsustvu gospodina Kristava, upravo to, upravo to, reče maleni sveštenik, klimajući glavom prilično žustro. To je prva zamisa o kojoj treba raspraviti. O odsustvu gospodina Kristava. On je krajnje odsustva."
001_Odsustvo_gospodina_Kristala_1960-1980.mp3,1960,1980,"Predpostavljam, nastavi on zamišljeno, da nikad nije bilo neko koje je tako odsutan kao gospodin Kristal. — Mislite li da odsustvo je iz grada? — zavapi doktor. — Mislim da odsustvo je sa svakog mesta, — odgovori otac Brown. — Odsustvo je iz prirode svega."
001_Odsustvo_gospodina_Kristala_1980-2000.mp3,1980,2000,"da se tako izrazim. — Zar zaista mislite, reče strušnjek s osmehom, da u ovom slučaju nema takve osobe? Sveštenik potvrdi gestikulacijom. — Nažalost, izgleda, reče Orion hud prasnu prezriv osmeh. To reče on, pre nego što pređemo na stotinu i"
001_Odsustvo_gospodina_Kristala_2000-2020.mp3,2000,2020,"jedno od drugih sredočanstava, razmotrimo prvi dokaz koji smo zatekli, prvu činjenicu o kojoj smo se saprali, pošto smo upali u ovu sobu. Ako gospodin Kristal ne postoji, čiji je ovo šešir? Gospodina Todd Huntera. Uzvrat je otec Brown. Ali nije njegove veličine. Uslovno je da je ovo šešir. Ali nije njegove veličine. Uslovno je da je ovo šešir."
001_Odsustvo_gospodina_Kristala_2020-2040.mp3,2020,2040,"Skliknu hude nestrpljivo. Ni slučajno ne bi mogao da ga nosi. Otac Brown zavrte glavom neopisivo blago. Nikad nisam rekao da bi mogao da nosi, reče on. Reko sam da je šešir njegov, ili ako om je stalo do nijansi u razlikama, šešir koji je njegov? A kakve su nijanse u razlikama?"
001_Odsustvo_gospodina_Kristala_2040-2060.mp3,2040,2060,"Уз први свој покрет који наговештава нестрпљење, ако прошетате улицом до најближеше ширджијске радње, тамо ћете докучити. Најблаже речено, да је најближеше ширджијске радње и да је најближеше ширджијске радње."
001_Odsustvo_gospodina_Kristala_2060-2080.mp3,2060,2080,"Razliku između muškog šešira i šešira koji pripadaju Todd Hunter-u. Ali, šeširđija, pobudni se, hud. Može dobro da zaradi na gomeli novih šešira. Šta bi Todd Hunter imao od ovog starog šešira? Zečevi. Uzrati, otac Brown, bez okleva."
001_Odsustvo_gospodina_Kristala_2080-2100.mp3,2080,2100,"— Šta? — uzviknuo dr. Hood. — Zečevi, pantljike, slatkiši, zlatna ribica, rolne papire u boji, — reče prečasni gospodin kao i stopa. — Zar ih niste spazili kad ste otkrili lažne konopce? — Isto je s mačem. — Gospodin Todd Hunter nema ni ogrebotine na sebi."
001_Odsustvo_gospodina_Kristala_2100-2120.mp3,2100,2120,"Kao što kažete, ali ima u sebi ako me razumete. Mislite na odeću gospodina Toddhuntera? Zainteresova se gospođa McNabu ozbiljno. Ne mislim na odeću gospodina Toddhuntera, reče otac Brown. Mislim u gospodinu Toddhunteru. Što moludnica na šta mislite?"
001_Odsustvo_gospodina_Kristala_2120-2140.mp3,2120,2140,"Господин Тодд Хантер, објасније отац Браун смирено, учи и за професионалног мађионичара, али и жонглера, трбухозборца и познаваоца трикова с конопце. Мађионичарски трикови објашњавају цилиндр, на њему нема ни трага од косе."
001_Odsustvo_gospodina_Kristala_2140-2160.mp3,2140,2160,"što ga je nosio prerano oćelaveli gospodin Kristal, nego zbog toga što ga niko nikad nije nosio. Žongliranje objašnjava čaše, koje je Toadhunter učio da baca i hvata u letu. Međutim, budući da je tek počeo sa uvežbavanjem, jedno je razbio je u tavanicu. Žongliranje objašnjava čaše."
001_Odsustvo_gospodina_Kristala_2160-2180.mp3,2160,2180,"kašnjama i mač koji je gospodinu Thornhunteru ponosi di kada ga proguta. Međutim, opet, budući da se i tu još uvežbava, sečibom je ovlašao krzno unutrašnjo zrdela. Tako je sam sebi i ranio, što uveren sam mu, sved izraza na njegovom licu ne predstavlja nešto ozbiljno."
001_Odsustvo_gospodina_Kristala_2180-2200.mp3,2180,2200,"Прик развезивања конобаца, попут брачи Девенпорт, и само што се није ослободио кад смо провалили у собу. Карте су, разуме се, намењене триковима, а по поду су разбацане због тога што је управо увешбавао једно од оних смицевлица кад карте лете кроз ваздуха. Свој занад државо је у тајности."
001_Odsustvo_gospodina_Kristala_2200-2220.mp3,2200,2220,"Сама због тога што је своје три које морао да задржију тајности, попут сваког другог међуонићера. Међутим, сама је чинњеница од околићеру с цилиндром којог су једном видели на његовом стражњем прозори и то што га је отерао крајње разјарен, била је довољна да нас све наведе на погршан траг измишлене простоловине и да сви уобразимо како се над његовње"
001_Odsustvo_gospodina_Kristala_2220-2240.mp3,2220,2240,"im životom nadvila senkak gospodina Kristala i njegovog cilindra. — Ali šta je su na dva glasa? — upita Maggie zureći. — Zar nikad niste čuli za trbohoz borca? — upita otac Brown. — Zar ne znate da oni prvo progovaruju svojim prirodnim glasom, a potom odgovaraju tim piskavim?"
001_Odsustvo_gospodina_Kristala_2240-2260.mp3,2240,2260,"kreštovim neprirodnim glasom koji ste čuli. Nastade dug tajac. Doktor Hood je zluradim i udvoričkim osmehom provučavao čovečuljke koji je upravo govorio. — Vi ste, nema sumnje, veoma maštoglava osoba, — reče on. — Ni u knjizi ne bi bilo bolje objavio."
001_Odsustvo_gospodina_Kristala_2260-2280.mp3,2260,2280,"Међутим, преостаја још један део господина Кристала, који ни на који начин нисте успели да објасните. К'то је његово име? Господјица Макнаб разговетно је чула да му се тако обрати у господин Тодд Хантер. Пречастни господин Браун, готово детачки, се закикотава."
001_Odsustvo_gospodina_Kristala_2280-2300.mp3,2280,2300,"Pa da, reče, to je najludskastiji deo cele priče, kad je naš prijatelj žongler ubacio tri čašu u kolo, brojao ih je naglas kako ih je hvatao, a takođe naglas komentarisao kad nije uspevoo da ih uhvati. Ono što je zaista govorio bilo je, prvi, drugi, treći, odebi."
001_Odsustvo_gospodina_Kristala_2300-2320.mp3,2300,2320,"Први кристал, оде други кристал, и тако даље. У соби настеде други тајац, а онда сви као један праснушил смех. И док су се тако смејали, фигура у ћошку само задовољно одреши све конопце и пусте их да спадну у један мах."
001_Odsustvo_gospodina_Kristala_2320-2340.mp3,2320,2340,"А онда крочивши у сред собе и наклонивши се из джепа, извуче велики плакат, штампан у плавој, црвеној боји, који најављује да ће следећег понеделњка, тачно у 8 сати, у империјалном павиљону у Скарборову, Заладин, највећи мађионићар света, човек од гуме,"
001_Odsustvo_gospodina_Kristala_2340-2349.mp3,2340,2349,"требу хозборац, човек-кенгур наступати с потпуно новом серијом трикова."
002_Raj_za_lopove_0-20.mp3,0,20,"Рај за лопове Велики мускари, најоригиналнији међу младим тосканским песницима, живок на уђи у свој омилјани ресторан, који је, штрчећи изнад Средоземног мора, био прикривен настршницом и опасан низким, лимуновим и помуранцим."
002_Raj_za_lopove_20-40.mp3,20,40,"Колобари у својим белим прегачама већ су на белим столовима постављали инсигније раног и отменог ручка, а од тога је изгледа порасло задовольство које већ стигло до врхунца разметливости. Мускари је имао орловски нос попудантеа."
002_Raj_za_lopove_40-60.mp3,40,60,"Коса и марама око врате биле су у тамни лепршаве, носио је црни огртач, као да је носио црну маску, толико је собом проносио дух венецијанске мелодраме. Понашао се као да је Трубадур, као да и даљи има зајамчену државну службу, као да је епископ."
002_Raj_za_lopove_60-80.mp3,60,80,"Он се, колико му је то њего вег допуштав, спремао да дословно препешачи свет попут Дон Хуана смачем гитаром, јер никада није путавао без кутија смачевима, којим се борио у сијасе цјајних двобоја, то јест без одговарујући кутије за своју манапу."
002_Raj_za_lopove_80-100.mp3,80,100,"којим је у ствари прередио серенаду господњи Цијетел Херрогејт, више него конвенционалник ћерки Јоркши, скоро банкара на одвору. Ипак, није био ни шарлатан, ни дете, него плаховит логични латин, који је обожавао известно ствара, на њу је сад дошао ред."
002_Raj_za_lopove_100-120.mp3,100,120,"Негова поезија била је искрна попут нећије прозе, жудео је за слабом вином и лепим женама, онако ватрено непосредно што је незамисливо међу помраченим идеалима или помраченим компромисима севера, бледим расама његова жустрина мирисела је на опасност или чак на злочин."
002_Raj_za_lopove_120-140.mp3,120,140,"Vatra ili mora, bio je Isoviša jednostavan da bi mu se verovalo. Bankar i njegova lepa engleska kćerka ocerili su u hotelu iz kojeg se izlazilo na Muscariau restoran. Eto zbog čega mu je to bio omiljeni restoran. Jednim pogledom po trepezarije odmah je shvatio da se englesko društvan"
002_Raj_za_lopove_140-160.mp3,140,160,"Ресторан је блистао, али даље је био релативно празан. Два свештаника разговарала су за столом у углу, али Мускари, ватрани католик, на њих није обраћао више пажље него што је обраћао на пар врана. Међутим, с још удаљањег места."
002_Raj_za_lopove_160-180.mp3,160,180,"Делимично заклњеним патуљастим дрветом које се купало у злату поморанджа, појави се и упути се ка песнику, прилика ћије је одело било потпуно супротно с песниковом. Ова прилика била је одевена у твит с шараним пругама, с ружичастом крватом, јања."
002_Raj_za_lopove_180-200.mp3,180,200,"okovratnikom i zašiljenim žutim čizmama, pobrinuo se da, u pravom stilu Arija iz Margejta, u isti mahu izgleda i upadljivo i uobičajeno. Međutim, kako se je kokni utvara približavala, Muskari se zaprepastio primetivši kako se ovakva"
002_Raj_za_lopove_200-220.mp3,200,220,"Upadljivo razlikuje od tela. Upravo ta italijanska glava, maljava, cromanjasta i veoma živahna, neočekivano je izbijela iz nepuničnog okovratnika, koji kao da je bio od kartona, iz smešne kravate. U stvari, bila je to glava koju je potrebao."
002_Raj_za_lopove_220-240.mp3,220,240,"и на врху свете наопаке крутости английског ратника на одмору, препознао је лице старог, али заборављеног пријателја по имену Еца. Овај младић је на коледжу био право чудо. Европска слава била му је зајамчена кад једваде је имао 15 година."
002_Raj_za_lopove_240-260.mp3,240,260,"Одљутим, кад је изашео у свет, доживео је неоспех, најпре у јавности као драматичар и демагог, а онда и приватно, да би после много година завршио као глумац, путник, посредник, то јест новинар. Мускари га је последњи пут видао под светлостима позорница, а он се само превишто добро прилагодио је с хићењима и тог зашта."
002_Raj_za_lopove_260-280.mp3,260,280,"i smatrilo se da ga je progutala neka moralna beda. — Eco, uzviknu pesnik, podigavši ruki i mašući njima od prijatnog iznenađenja. Dakle, vidio sam te u mnogim kostimima u pozorišnom bifeu, ali nipošto nisam očekivao da te vidimo devenog poput engleze. Ovo..."
002_Raj_za_lopove_280-300.mp3,280,300,"Odgovor jeca, nije Kostive Engleze, nego italijana iz budućnosti. U tom slučaju, osvarnuo se Muscari, priznajem da mi se više dopada italijan iz prošlosti. — To je tvoja stara zabluda, Muscari, reče čovek ot vidu, odmahujući glavom, i zabluda cele Italije."
002_Raj_za_lopove_300-320.mp3,300,320,"veku, mi Toskanci izmislili smo žaket, imali smo najnoviji čelik, najnoviju rezbarju, najnoviju herniju, zbog čega ne bismo sad imali najnovije fabrike, najnovije motore, najnovije finansije, najnoviju odeću. Zbog toga što nije vredno imati ih, uzvratimo skari, italijane ne mogu"
002_Raj_za_lopove_320-340.mp3,320,340,"Možeš da učiniš naročito naprednim. Previše su inteligentni. Ljudi koji smatraju da Prečica voli do boljog života, nikad neće poći na ovim savremenim drumovima. «Pa za mene su Marconi ili Danuncio zvezde Italije», reče drugi. «Zbog toga sam postao futurista i vodič."
002_Raj_za_lopove_340-360.mp3,340,360,"Водич, — ускликну Мускари смејаћи се, — је ли то последњи на твом списку заната и кога то водиш? О човека по имену Херогейт и његову породицу верујем. Не мислиш, ваљда, на банкара из овог котела? Заинтересува се песник, нешто живље. Управо њега!"
002_Raj_za_lopove_360-380.mp3,360,380,"Uzgleda ti vodič. Dobro te plaća, upite trubadur bezazneno. Platiće mi, reče ejaca, veoma zagudnetko se smeškajući. Međutim, ja sam veoma redka vrsta vodiča. A onda kao da menja temu. Odjednom izusti. Ima kćerku i sin."
002_Raj_za_lopove_380-400.mp3,380,400,"Кћерка је божалствена, потврди мускари. Отец и син, предпостављом, сврставају се у људе, али знајући његове безазлене особине, зарти и банкар не изгледа као савршен пример онога што тврдим. Херогейт има милионе у својим сефовима, а ја... рупу у джеп. Међутим..."
002_Raj_za_lopove_400-420.mp3,400,420,"Nećeš se drznuti da kažeš, ne možeš da kažeš, da je pametniji od mene, ili hrabriji od mene, ili čak energičniji. Nije on bistar, ima oči poput dva velika dugmeta, nije njen energičan, premešta se s fotelja na fotelju kao da je paralizovan. Savestanje."
002_Raj_za_lopove_420-440.mp3,420,440,"Ljubazna matora cepanica, ali ima novac jednostavno zbog toga što sakuplja novac, kao što dečak sakuplja poštanske marke. Previše si krud za posao, Eco. Neće ti uspeti. Da bude dovoljno pametan da pokupi sav taj novac, čovek mora da bude dovoljno glup da ga želi. Dovoljno sam glup."
002_Raj_za_lopove_440-460.mp3,440,460,"За то, рече Еце сумурно, али предложио бих ти да прекинеш с критиком на рачун банкара, јер он управо стиже. Господин Херрогейт, велики финансијер, заиста је ушао у трепезарију, але никога није погледао. Био је то крупан стари човек жустрих очију, избледелих као песак сивих пркова."
002_Raj_za_lopove_460-480.mp3,460,480,"Али, судећи по великој погнутости, могао би да буде и пуковник. У руци је носио неколико наотворених писама. Нигу син Френк заиста је био фин момак, аковрджове косе је преплавнује жустара, али на њега нико није погледао. Све очи, као и обично, мекар на трнутак биле су заковане за Етел Херрогейт."
002_Raj_za_lopove_480-500.mp3,480,500,"ћија златна грчка глава, заједно с бојом јутра попод главе праве богиње, као да је израњали из тог сафирног мора. Песник Мускари, дубок удахну као да се нећим опијао, као што је у осталом било. Опијао се класиком својих предака, Ецају је проучавао."
002_Raj_za_lopove_500-520.mp3,500,520,"по погледу мисто ветпе продорности, али далеко уздржанијим. Госпођица Херрогейт блистала је наручитим сјајем и овом приликом била је спремна да се упусти у разговор. Нјена породица препустила се једноставним континенталним навикама, допуштујући незнанцу мускарију, па чак и водињу."
002_Raj_za_lopove_520-540.mp3,520,540,"da s njima podele istoji razgovor. Kod Ethel Herrigate konvencionalno se okrunila sobstvenim sabrženstvom i sjajom. Ponosna, naočevo blagostanje, ljubitelj pomodnih zadovoljstava, kćerka ljubimica, ali i bestidna koketa, ona se svemu tome što je činilo Vemo ponosnom"
002_Raj_za_lopove_540-560.mp3,540,560,"što joj je prečinjavalo zadovoljstva, a od njenog ugleda u svetu stvaralo čilo i bordru stvar, prepuštala s nekom brostom pozlaćene dobrodušnosti. Svi su bili na vrhuncu. Na vrhuncu uzbudjenja u vezi s nekom navodnom opasnošću na planinskoj stazi prema kojoj su nameravali da kreću."
002_Raj_za_lopove_560-580.mp3,560,580,"opasnost nije pretila od stene i lavine, nego od nečeg mnogo romantičnijeg. Etel je bila potpuno uverena na razbojnici, pravi koljači iz te savremene legende, i dalje pohode taj greben i drže taj prolaz na Apeninima. Kažu uz Viknona."
002_Raj_za_lopove_580-600.mp3,580,600,"Са сладостращњим девојчице и школе, да целим тим пределом не влада краљ Италије, него краљ Лопова? Које краљ Лопова? Силан човек, узврати Мускари, достојан Ваше гробин худа сенјорина. За Мунтана, краља Лопова, најпре се чула у планинама,"
002_Raj_za_lopove_600-620.mp3,600,620,"10. godina, kad se ljudi govorili da su hajduci prošlost, ali glas o njegove raspusnosti raširio se kao šumski požar. Ljudi su na njegove vatrena objave najlazili pribijene u svakom planinskom selu. Njegovi stražari s puškom u ruci motaju se po svakoj planinskoj udolini."
002_Raj_za_lopove_620-640.mp3,620,640,"Apska vlada pokušavala da ga protira. I u šest žestokih bitaka doživela je poraz kao da se tukla s Napoleonom. Dakle, takve stvari primetim mankar značajno. U Engleskoj nikad ne bi bile dopuštene. Možda je, posle svega, trebalo da izaberemo drugi pravac. Međutim, vodić..."
002_Raj_za_lopove_640-660.mp3,640,660,"Каже да је све савршано сигурно. — Савршано је сигурно, — рече Водић Презирво, — пролазио сам туда више од двадесет пута. У време наших баки ту се можда и прикрадала нека стара затворска птичица, коју су звали Краљ, али он припада историји, ако не бајци."
002_Raj_za_lopove_660-680.mp3,660,680,"Разбойници су потпуно искоренљени. Никад их неће потпуно искоренити, уздрати мускари, због тога што је оружена побуна забава својствена јужњацима. Наши селјаци су, као и њихове планине, пуни наклонности доброћудни, док испог тога букти ватра. У томе је ствар."
002_Raj_za_lopove_680-700.mp3,680,700,"с човековим очајем, тамо где се сиромаси са севера хватају за чаше, наши сиромаси хватају за бодеже. Песник је повлашћен од брусијеца подругиво. Да је сињор Мускави, којим случајем Енглез, он би и даље трагао со друмским разбойницима у Вансворту."
002_Raj_za_lopove_700-720.mp3,700,720,"Верујте ми, опасност да вас заробе у Италији равна е опасности да вас скалпирају у Бостону. Дакле, предлежете да пођемо? Упите господин Херогейт мрштеће се. О, заиста звучи језиво! Ускликну девојка, своје сјајне очи окрећући према мускарија."
002_Raj_za_lopove_720-740.mp3,720,740,"Заиста мислите да је пролаз опасан? Мускари забваци своју црну угриву. Знам да је опасан, рече он. Сутра ћу га прећи. Млади Херогейт остао је још тренутак, испијајући чашу белог вина и палећи цигарету. Дог се лепотица повукла с банкаром, водићем и песом,"
002_Raj_za_lopove_740-760.mp3,740,760,"брујећи од сатире звонке попут сребра. Готово у истом тренутку, два свештаника у углу се подигоше, онај више седокос Италијан управо је одлазио, онај ниже окренуо се и пошао према банкаревом сину, на шта се овој пренеразио, схвативши да је, осим што је Римок"
002_Raj_za_lopove_760-780.mp3,760,780,"Katolički sveštenik, ovaj čovek i Engles, nejasno se sećao da ga je upoznao na nekom društvenom skupu svojih katoličkih prijatelja. Međutim, čovek progovori pre nego što je mladić uspeo da pribere sećanja. «Gospodin Frank Hergeit», rekao bih, reče on. Spremio sam uvod, ali ne mislim da je."
002_Raj_za_lopove_780-800.mp3,780,800,"Nesvakidašnju stvar koju moram da kažem bolje je da čujete od neznanca. Gospodine Harrogate, prozboreću samo reč i onda odlazim. Pripazite na sestru i njenoj silnoj tuzi. Čak i za Frenkovu istinsku bratsku ravnodošnost, sjaj i podrugljivost njegove sestre, ipak su, izgledale brzo,"
002_Raj_za_lopove_800-820.mp3,800,820,"I dalje je zagunetno zagledan u svog natmurenog savetnika, mogao da čuje njen smeh iz bašte hotela. Mislite na razbojnik, je upitao on, a onda i sam se prisjetivši sobstvenog nejasnog straha i produži. Ali mislite na muskarija, čovjek nikad ne razmišlja o istinskoj tuzi."
002_Raj_za_lopove_820-840.mp3,820,840,"reče nepoznati sveštenik, čovjek može da bude pri ruci samo kad se tuga pojavi i istog trena on iščeze iz trpezarije, ostavljujući svog sagovornika gotovo otvorenih usta. Dan-dva posle toga, koći je s društvom uistino je milila i teturala se uz obronke opasno od planinskog venca."
002_Raj_za_lopove_840-860.mp3,840,860,"Između Edsovog bezbrižnog poricanja, opasnosti i Muskarjevog žestokog protivljenja tome, financijereva porodica bile odlučna u svom prvobitnom naumu, a Muskarjev put kroz planine poklopio se s njihovim. Mnogo već iznenađenje predstavljalo je..."
002_Raj_za_lopove_860-880.mp3,860,880,"To što se na stanici ovog obalskog gradića pojavio maleni sveštenik iz restorana, potvrdio je tek toliko da je njega posao vodi preko planina. Međutim, mlađi Harrogate nije mogao, a da njegovo prisustvo ne poveže sa zagonetnim strahovima,"
002_Raj_za_lopove_880-900.mp3,880,900,"и опуменам од јуче. Кочија је била нека врста удобног вагонета. Изум напрне даровитости водића, који је експедицију предводио својим научним поступком и веселом разборитошћу. Теорија опасности од лопова прогнана је из предела мисли."
002_Raj_za_lopove_900-920.mp3,900,920,"premda je, makar u formalnom smislu, izvesna ovlašna predostrožnost bila zadržana. Vodič i mladi bankar nosili su napunjene revolvere, a muskari je, uz pregreš dečačkog zadovoljstva, ispod svog crnog ogrtača, opasao neku vrstu kratke stvari."
002_Raj_za_lopove_920-940.mp3,920,940,"А сам се, док дланом од лан посадио поред љупке Енглецкиња с њене друге стране, седао је свештаник, ћије име било Брауни, који је на су срећу био ћутљивац. Водич, отец и син били су на клупи позади. Мускари је био веома расположен."
002_Raj_za_lopove_940-960.mp3,940,960,"Ozbiljno verujući opasnosta i iz razgovora s njim, Etel je mirne duše mogla da zaključi da je manijak. Međutim, u tom bezumnom i zadivljujućem uspinjenju, po vrletima nali k vrhovima pretrpanim rastinjem koji poseća norhideje, bilo je nečeg što je i njeno raspolaženje zajedno s njegovom dizelo u rumeni."
002_Raj_za_lopove_960-980.mp3,960,980,"Докучива небеса и сунца које се по њима котрљају. Бео друм сезао је увис као бели мачор. Размицао је мраћне поноре као затегнуто уже, попут ласа опасивао од далеке гребене. Па ипак, ма колико високо да су залазеје."
002_Raj_za_lopove_980-1000.mp3,980,1000,"Пустара је и даље била расцветала попод руже. Ливаде су на сунцу и ветру пламтеле бојама водомара, папагаја и колибрија нијансама, стотина расцветеле од цвеће. Немо љубкија ливаде и шуме од англијских, немо отменијих врхова или понара од оних код Сноудона или Гленкоа."
002_Raj_za_lopove_1000-1020.mp3,1000,1020,"Али, Эртел Херрогейт никад раније није видела јужњачке гајеве како ударају о распукле северњачке врхове, Клисору Гленко крцату воћим из Кента. Овде није било ничег од те хлавноћи и пустоши које у Британији човек повезује с високим и дивним пределима."
002_Raj_za_lopove_1020-1040.mp3,1020,1040,"Više kao palatu u mozaiku razdera na zemljotresima ili kao holandski vrt s lalama, dinamitom raznesanu zvezde, liči na kraljevsku baštu, na Bicihedu, reči Etel. To je naša tajna, uzvrti on. Tajna vulkana. To je takođe i tajna revolucija, da stvar može da bude vrta."
002_Raj_za_lopove_1040-1060.mp3,1040,1060,"Склони сте насилју, и она му се насмеши. Па ипак бесплодни, призна он, ако умрем ноћас. Невенчан и безуман. Није до мене то што сте пошли, рече она после мућног тајца. Никад није до мене."
002_Raj_za_lopove_1060-1080.mp3,1060,1080,"— «Није до вас», — отговори Мускари. — «Није до вас, што је троја пала». Док су такорад скуварле доспели свиспод велелепних литица, који су се готово као крила шириле изнад необично збудљивог предела. Препавши се од сенке на узком ободу, конји се злокопно усплохирише."
002_Raj_za_lopove_1080-1100.mp3,1080,1100,"Коћи на земљу да их ухвати за уларе, а они се још више узјагунише, један конји пропео се увис колико је дуг, титанска и застрашујуча висина конја, кад се претвори у двоношца, а то је било сасвим довољно да поремети равнотежу, цела коћија се нагнула попут брода и кроз ове."
002_Raj_za_lopove_1100-1120.mp3,1100,1120,"Ободу джбуња превалила преко литице, мускари пребаци руку око етел, која се приби уз њега и све гласа врисну. За такав трнутек ји живео. У тренутку кад су се предивни планински бедеми завртали око песникове главе као руменеве трењаче, догодило се нешто што је јао."
002_Raj_za_lopove_1120-1140.mp3,1120,1140,"To je, najizgled, još i više zaprepršćivalo. Stari i letargični bankar poskoči u koči i preskoči pre kolitice pre nego što ga je iskošeno vozilo bacilo tamo. U prvom trenutku to je izgledalo nerazborito poput samobistva, ali potom se pokazalo razborito poput sigurne investicije."
002_Raj_za_lopove_1140-1160.mp3,1140,1160,"Čirec je očigledno bio hitri, a tokođe i mudri nego što bi mu to muskari priznao, jer doskočio je na parče zemlje koje, može biti, bilo naročito mehlo zbog pusenja i deteline, i zaista dok se to odvijelo, cela družina imala je podjenak u sreće, premda ne u istoj meri i dostojanstva sudeći po načinu"
002_Raj_za_lopove_1160-1180.mp3,1160,1180,"Тик испод овог наглог заокретања друма налазила се травната и цветна утрина на налику тонулој ливади, нека врста зеленог баршунастог джепа на дугом зеленом развученом руху ових брда. И баш тамо су се и истровали."
002_Raj_za_lopove_1180-1200.mp3,1180,1200,"палили, т.е. докотрлили уз мало муке, не речунајући то што је њихов ситан бртљак, па чак и садржај њихових джепова, био разбацан свуда по трави оку њих. Разбијена коћија и даље је висила издад њих, упетљана у густу живицу, док су се коњи болно стрмекнули."
002_Raj_za_lopove_1200-1220.mp3,1200,1220,"Прелико је устао био је малени свештеник који је чешао по глави с изразом правог за препощење на лицу. Френк Херугјейт чуо га је како за себе каже, «Дакле, због чега смо се за име света преврнули баш на ово место?»"
002_Raj_za_lopove_1220-1240.mp3,1220,1240,"Слио је по разбацаним стварима око себе, подигао свој веома незграпан кишубран, мало даље одатле лежао је сомбреро, који је мускарију спао с главе, а поред њега запечећено пословно писмо које, пошто је бацио поглед на адресу, вратио старијем Херрогеиту."
002_Raj_za_lopove_1240-1260.mp3,1240,1260,"S druge strane, trava je delimično zaklonila suncu bren gospođi Cvetel, a tik do njega ležala je čudna bočica, jedva dva palca dugačka. Sveštenik je podiže, prazimne nametljenim pokretom otšepi je i omirisa, a njegovo ogromno lice poprimi boju ilovače. — Nebesa nek' su namo pomoći, promruljao."
002_Raj_za_lopove_1260-1280.mp3,1260,1280,"Ово не може бити њено. Зар ју је туга већ спопала? И спусти је у джеп свог прслука. Мислим да имам право на то, реча он, док не сазнам нешто више. Он се саосећајно загледа у девојку у трену кад је провирила из цвеће уз помоћ мускарија који рече."
002_Raj_za_lopove_1280-1300.mp3,1280,1300,"Поштали смо се у рај, то је презнак. Смртници се пењу и падају, али сама богови и богиње могу да се стропоштају и увис. И заиста, она израни из мора боја, тако лепог и свречног израза да свештеник осети да му је узрмало и покренуло сумње, коначно помисли он мртво."
002_Raj_za_lopove_1300-1320.mp3,1300,1320,"Можда је то једна од мускаријевих мелодраматићних смицевлица. У мускари с лакоћјом подиже даму на ноге, изведе абсурдно театрла наклона, онда увлаћећи своју кратку сабљу силовито засеће затегнуте дизгине конја, тако да се ови ископрцаше и подигоше се на трају."
002_Raj_za_lopove_1320-1340.mp3,1320,1340,"Kada je završio s tim, dogodila se ono najopečatljivije. Veoma tih čovek, veoma bedno odebeni, nevarovatno preplanuo, pojavi se iz žbunja i dohvati u lare. Imao je nož neobičnog oblika, veoma široki zakrivljen, zadenut oko pojasa i nije bilo ničega."
002_Raj_za_lopove_1340-1360.mp3,1340,1360,"upadljivog na njemu osim toga što se pojavio iznenada i nečujno. Pesnik ju upita ko je, ali ovaj ne odgovori. Osvrnuši se oko sebe i oko zbunjene zaprepašćene grupe u dolini, muskari opazi drugog preplanunog i dronjavog čoveka s kratkom puškom o ramenu, kako ih posao"
002_Raj_za_lopove_1360-1380.mp3,1360,1380,"Сматра Собода тик испод њих. Лактовима ослањено ивицу утрине. Потом погледа у вист на друм ског су се сурвали и угледа цеви још 4 карабина. Још 4 препланула лица како их посматрају сјајним, али потпуно непомичним очима. Разбойници..."
002_Raj_za_lopove_1380-1400.mp3,1380,1400,"Побика мускари с неком врстом чудовищне живости. Ова је била клопка. Еца, ако ми допустиш да најпре устрелим коћијаша, могље би смо некако да се пробијемо. Има их само шесторица. Кочијаш је рече Еца, који је стајао смркнуто с рукама у джеповима."
002_Raj_za_lopove_1400-1420.mp3,1400,1420,"на слуга господина Херрогейта. Утолико пре га устрели, узвикну песникан српљиво, поднићен је да ме омјести свому господару, онда нека дама стане у средину и пробићемо се таму горе, на јуриш. И уронивши у траву и дивља цвеће, он силовито крену"
002_Raj_za_lopove_1420-1440.mp3,1420,1440,"4 karabina, ali shvativši da ga ne sledi niko osim mladog hjerogejta, on se okrete vitlajući svojom kratkom sabljom, pozivajući ostale. Uglada vodičaka koji dalje nehajno raširenih nogu stoji usrtak ovog tramnatog kruga s rukama u džepovima, a njegovom mršavom podrugljivo italijansko lično."
002_Raj_za_lopove_1440-1460.mp3,1440,1460,"kao da je na večernjoj svetlosti postajalo sve izduženije. — Muskari, mislio si da sam od svih u našoj školi ja bio neuspešan, — reče on, — a da si ti bio uspešan. — Međutim, uspešniji sam od tebe, izuzivam značajnije mesto u istoriji. Ja sam igrao heroja."
002_Raj_za_lopove_1460-1480.mp3,1460,1480,"dok se tip iskarao o njima. «Hajde, kažem ti». Grmeo je mu skari od gore. «Hoće li stajati tamo i pričati besmislic o sebi pored žene koju treba spasti i trojice snažnih ljudi koji su ti od pomoći? Kako si se ono prozlao?» «Prozlao sam se montano», uzviknuo se."
002_Raj_za_lopove_1480-1500.mp3,1480,1500,"чудесним водић гласом и громким и пуним, ја сам краљ лопова и желим вам свима добродошлицу у моју летњу палату. Док је говорио, још петора нечујенијих људи под оружијем појави се из жбуња гледајући у његовом правцу, очекујући даље наредђења. Један од њих држао је Велики Пит."
002_Raj_za_lopove_1500-1520.mp3,1500,1520,"Ovo lepo gnezdašce, gde svi dolazimo na izlet, nastavi vodič Razbanjik istim onim spokojnim, pa ipak zlokopnim osmehom, zajedno s pećinama ispod njega, poznato je pod imenom raj za lopove. To je moje glavno uporište na ovim bradima, jer, kao što ste bez sumnje zapazili, gnezdašce su nekakve."
002_Raj_za_lopove_1520-1540.mp3,1520,1540,"Незда не може да се опази ни из друма, од горе, ни из долине, од доле. Више је него неосвојиво, неприметно је. У главном, живимо овде и овде ћу свакак умрати. Ако ми жандарми икад уђу у трага. Ја нисам она врста преступника која пази на своју одбрану, него она боља врста која је."
002_Raj_za_lopove_1540-1560.mp3,1540,1560,"која пази на последњи метак. Сви су зурили у њега као громом погодљени непомишни, осим отца Брауна који испусти тежак уздах као да му је лакнула и напипа стакленку у свом джепу. «Богу хвала», промормуља он. То је многу известније."
002_Raj_za_lopove_1560-1580.mp3,1560,1580,"Утроб разуме се припада овом разбањићком водји, попут Катона, и он га носи у себе да никад не падне у затућеништо. Краљ Лопова, међути, настави са својим обраћањем истом оном врстом застрашујућу угледљености. Преостаје ми само да, рече он, својим гостима појасним друштвене околности под којима сам и..."
002_Raj_za_lopove_1580-1600.mp3,1580,1600,"Imao zadovoljstvo da ih primim. Nema potrebe da raspredam o čudesnom starom običaju otkupa, koji sam odužan da održim, pa čak i on se odnosi samo na deo družine. Prečasnog vodca Brauna i slavnog senjora Muscaria oslobodit ću koliko sutra u zoru i isprovesti do mojeg prestraža."
002_Raj_za_lopove_1600-1620.mp3,1600,1620,"Песници и свештаници, ако ми опростите на просто срдачном изражавању, никад нису имали новца. И тако, будући да од њих није могући извући ништа, не пропустимо прилику да покажемо дивљање према класичној книжемности и уважавање према светој цркви."
002_Raj_za_lopove_1620-1640.mp3,1620,1640,"Настаде непријатно се Смешкијић, а отец Браун затрепта неколико пута у његовом правцу и као да је изнена да почне да га слуша с великом пађњем, заповедник Разбојника узе велики папир у свог подредђеног и прелетевши погледом преко њега, настави Моје остале намере јасно су изложене у овом јавном документу који ћу вам"
002_Raj_za_lopove_1640-1660.mp3,1640,1660,"одмаг додати, и који ће после тога бити прибије на дрву у сваком селу у овој долини и свакој разкрсници по овим брадима. Не ћу вас замарати говором, будући да ћете се и сами уверити. Срж мојог прогласа је следећи, као прво објављујем да сам заробио енглског милионера финансијског гороста са господина Самије Лање."
002_Raj_za_lopove_1660-1680.mp3,1660,1680,"Kao sljedeće, objavljujem da sam kod dotične osobe pronašao novčanice i obveznicu vrednosti o 2000 funti, koje mi je on i ustupio. Međutim, budući da bi zaista bilo nemoralno takvu stvar objaviti lakuvarnom svetu, da se ona nije dogodila, predlažem da se to i dogodi."
002_Raj_za_lopove_1680-1700.mp3,1680,1700,"без даљег одлагања. Предлажам да ми господин Херојгейт стари преда 2000 фунти који има у джепу. Банкар га је посматраји спод намрштених обрва, црвен у лицу и натуштен, али очигледно је престрављен. Он из ког, из коћије која се сурвала, изгледа да му је исисао једно."
002_Raj_za_lopove_1700-1720.mp3,1700,1720,"poslednju kap srčanosti, kad su njegov sin i muskari odvažno pokušali da se probiju uz razbojničke klopke, držao se po strani, a sad mu se crvena i drehtava ruka protiv volje mašala za džep, tek da bi hrpu papira i koverata predala razbojniku. Izvrsno, uzvikno ovo je odmetno."
002_Raj_za_lopove_1720-1740.mp3,1720,1740,"Zasadsko svi ljubazni. Nastavljam s tačkama proglasa, koji će ubrzo biti obnarodovan u celoj Italiji. Treća stvara odnosi se na otkup. Od prijatelja porodice Herogate tražimo otkup o 3.000 funti, što uveren sam imajući u vidu takvu osrnju početku."
002_Raj_za_lopove_1740-1760.mp3,1740,1760,"процену важности ове породице за њу представљују праву увреду. Ко не би дао трипут већ износ да се још колико сутра нађу у таквом породичном кругилу? Не крим од вас да се документ завршава известним судским изразима у погледу непријатних ствари које могу да се догоде ако новац не буде исплећен, али умеђу време."
002_Raj_za_lopove_1760-1780.mp3,1760,1780,"Даме и господа, дозволите ми да вас уверим да не оскуде вам у смештају вину и цигарама, и овог часа желим вам срдачну добрдошлицу Изубиља раја за лопове. Све време док је говорио, подозриви људи с карабинима и непристоја натученим капама у тишини са окупи шури."
002_Raj_za_lopove_1780-1800.mp3,1780,1800,"tako nadmoćnom broju da je čak i muskari bio prisiljen da uvidi da njegova ludorija smačem nije imala nikakvih izgleda. On se osvrnuo oko sebe, ali devojka je već prišla od sude da smiruje i teši, jer njena priroda naklonost od su bila je podjena ko jaka, ili još i jača od njene, pomalo snobovske ponosite."
002_Raj_za_lopove_1800-1820.mp3,1800,1820,"Мускари се нелогичнощју правог љубавника бдивио овој детињој посвећености, па ипак она га је и раздраживала. Он врати свој мач у корице, па се мало мрзовољно стровали на травнати насипе. Свештеник седе на метр два од њега, а мускари му окрете своје орловске јење."
002_Raj_za_lopove_1820-1840.mp3,1820,1840,"Ima li, pitam se, još razbojnika po planinama? Moguće, reče otac Brown agnostički. Na šta mislite, upita drugi otac? Mislim da sam zbunjen. Otac Brown je zbunjen. Ima li, pitam se, još razbojnika po planinama? Moguće, reče otac Brown agnostički. Na šta mislite, upita drugi otac? Mislim da sam zbunjen. Otac Brown je zbunjen."
002_Raj_za_lopove_1840-1860.mp3,1840,1860,"Odvrati sveštenik, zbunjen sam u vezi s Ecom, tj. Montanom, ili kakogod da mu je ime. Kao razbojnik izgleda mi još nedokučivije nego što mi je izgledao kao vodič. Ali u kom smislu? Istrajavao je njagov sagovornik. Blaže na Mario. Mislio sam da je razbojnik dovoljno..."
002_Raj_za_lopove_1860-1880.mp3,1860,1880,"Na ilazim na tri teškoće, reče sveštenik Smirana, želeo bih da znam vaše mišljenje o njima. Pre svega moram da vam kažem da sam ručao u restoranu na obali. Kad ste vas četvoro napustili trpezariju, vi, gospođice Harrogate, odmakli ste napred, razgovarajući sme."
002_Raj_za_lopove_1880-1900.mp3,1880,1900,"Mešaći se, bankar i vodič otišli su pozadi, razgovarajući šturo i prilično tiho. Ali nisam mogao da ne pšujem da Eca izgovara ove reči, pa hajde da je malo zabavimo. Znate da svakog trenutka razočaranje može da je dotuče. Gospodin Herogit nije odgovorio ništa."
002_Raj_za_lopove_1900-1920.mp3,1900,1920,"Dakle, reći mora da su imale neko značenje. Postaknutime, upozorio sam njenog brata da je možda u opasnosti. Ništa nisam rekao o prirodi opasnosti, jer ništa nisam ni znao. Međutim, ako je to značilo ovo za robljavanje u brdima, stvari su."
002_Raj_za_lopove_1920-1940.mp3,1920,1940,"i besmislena. Zbog čega bi razbanjik Vodiću pozoravao svog pokrovitelja, makar i Nagorještajem, kad je ceo njegov naum bio da ga namami u planinsku mišolovku? Dakle, nije se odnosilo na to. Međutim, ako nije to, onda kakva katastrofa, za koju znaju i Vodić i Bankar?"
002_Raj_za_lopove_1940-1960.mp3,1940,1960,"Виси над главом госпођице Херрогејт. Катастрофа над главом госпођице Херрогејт. Оте се песнику који се усправи од сародитости. Појасните, пређите на ствар. Све моје непознавнице ипак се брате око нашег водђе-разбаник. Настали свештвеник замишљено. А ево и друге."
002_Raj_za_lopove_1960-1980.mp3,1960,1980,"Чега је у свом прогласу тако упадљиво истакао да је од своје жртве узео 2000 фунти на лицо места? То ни издалека није начин да се изнуди откуп. У ствари делује сасим супротно. Херогејтови пријатели далеко више би страховали за његову судбину ако би мислили да су лопови бедни и оћањи. Ипак, отимачина на лицо места била и..."
002_Raj_za_lopove_1980-2000.mp3,1980,2000,izstaknuta i čak prvo u proglasu. Zbog čega bi Edson Montana naročito želao da celoj Evropi stavi do znanja da je odžepario žratvu pre nego što je zatražio otkup? Nemam pojma. Rečem muskari. Prirodnim pokretom još jednom protrbljaši svoj crnu kosu. Možda mislite da ste me prosvetljili?
002_Raj_za_lopove_2000-2020.mp3,2000,2020,"али водите ме у све дубли мрак. Која ли је трећа примедба на краља лопова? Трећа примедба, але Чатад Браун и даље замишле, јесте насип на коме седимо. Због чега наш разбојник водиће назива својим главним утврђењем и рајем за лопове? То је свакако мек терен."
002_Raj_za_lopove_2020-2040.mp3,2020,2040,"ако се ту падне и љупко место ако се посматра. Такође, сасим је тачно, као што он каже, да се не види ни из долине ни с фрха, и због тога представља скровито место. Али утврђење није, ни пошто не би могло да буде утврђење. Мислим да би то било најгоре утврђење на свету, јер у истину њиме се влада одно."
002_Raj_za_lopove_2040-2060.mp3,2040,2060,"одгоре, с главног пута који пресеца планине, баш со оног места куда би полиција највероватније пролазила. Ето, пет застаралих кратежа држена са овде бестомоћне већ сат јипо. Одредво и никаква год врсте могао би да нас одува прек улитице. Какво год да је значење овог..."
002_Raj_za_lopove_2060-2080.mp3,2060,2080,"малог budžaka, trava i cveća. To svakako nije nikakvo ukupano mesto. Radi se o nečem drugom, reći o nekoj drugačijoj, neobičnoj vrsti značaja, nekoj vrednosti koju ne razumem. Više liči na nekakvo slučajno poprište ili prirodu zelenu prostora."
002_Raj_za_lopove_2080-2100.mp3,2080,2100,"Više liči na nekakav prizor romantične komedije, više liči na, dok su se reći malanog sveštenika protezala i gubila utupo i sneno iskrenosti, muskari, čija su životinska čula bila naopredzu i nestrpljiva, začu novu graju u planinama."
002_Raj_za_lopove_2100-2120.mp3,2100,2120,"За њега звук је био једва чуљан и слаб, али могао би да се закуне да је вечерњи поветарац овом доносио нешто попут утопота, копита, конја и далек од њега. У истом тренутку, и много пре него што је подректавања допрало до мања вићних енглеских ушију, Разборник Монтано, потрчајња,"
002_Raj_za_lopove_2120-2140.mp3,2120,2140,"чо је уз насип и застав код ополомљене живице, прислонивши се уз дрво и имао трећину друму, док је стајао тамо и згледао је заиста као необична прилика, јер као краља развоњика имао је фантастичну лепршаву капу, а ремен који се клатио и сабљу, али и блистали и смешни, твид води."
002_Raj_za_lopove_2140-2160.mp3,2140,2160,"провиривао је свуда кроз закрпја на њему. Следећег трнутка он окрете своје дугуљасто, подругљиво лице иначе ни покрет руком. На знак разбојници се разидаше, не у Расулу, него у поретку који је очигледно био нека врста."
002_Raj_za_lopove_2160-2180.mp3,2160,2180,"Уместо да заузму друм душ гребена, распредели су се душ њега, иза дрвеће и живице, као да не примеће ни мотрена непријателја. Топут у делини поставе све јаћи, планински дрм почео је да подрхтава, а јасно се чуо глас, који је јаћао."
002_Raj_za_lopove_2180-2200.mp3,2180,2200,"који издаје заповести. Разбојњици се сагнуше и шчочурише, псојући и шапоћући, а док су натезили пиштоље, тојест вадили ножеве или вукли корица по каменју, вечерњи ваздох испунио са оним краткотрајним металним шумовима. Потом као да се..."
002_Raj_za_lopove_2200-2220.mp3,2200,2220,"граја обе стране сјединила горе на друму, грања је пуцкетало, конји њиштали, људи викали «Спас!», повика мускари скочивши на ноге и машућише широм, жандарми гоне за слободу и јуриш, побудњици на разбойнике."
002_Raj_za_lopove_2220-2240.mp3,2220,2240,"Хајдемо, не остављајемо се полицији, то је сав јад новог доба, навалимо од позади на ове силеђије, жандарми нас избављују, хајдемо, пријатели, избавимо жандарме, и бацивши шешир преко дрвећа, он још једном исуће своју сабљу и поње."
002_Raj_za_lopove_2240-2260.mp3,2240,2260,"poče da se pentravosku sinu prema drumu. Frank Harrogate poskoči i stušti se da mu pomogne s revolverom u ruci, ali zaprepasti se začuvši da ga svojim promupljim glasom, kategorički zaustavlja otac ko izgleda, bio ohprvan, strašnim previranjem."
002_Raj_za_lopove_2260-2280.mp3,2260,2280,"— Не допуштам ти, — рече банкар Кркљевићи, — наређујем ти да се не мешаш, — али, оће, — рече Френк веома топло, — овај италијански господин прокрчује нам је пут, не би ваљда дозволио да се каже да су Англезију стукнули. Бескорисно је."
002_Raj_za_lopove_2280-2300.mp3,2280,2300,"Reče stari, vidno drhteći. Beskorisno je. Moramo da se pokorimo sobstavnoj sudbini. Otac Brown poglada bankara po tom ruku instinktivno primat će to bože do srca, ali uistinu do bočice s otrovom i divna svetlost ozarimo lice poput svetlosti otkrovenja na svetu."
002_Raj_za_lopove_2300-2320.mp3,2300,2320,"У међу времену Мускари се, не очекајући на помоћ, успентрао з насив се до друма и страховито одвалио краља-разбойника у поплећима, од чега се ова изататурао и зањихао у круг. Монтано је такође имао и сукану кратку сабљу, а Мускари је имао једну."
002_Raj_za_lopove_2320-2340.mp3,2320,2340,"Кари без увићних речи крену да га пљуштимице распали по глави, што је овог присилао да устукне и одбије напад. Међутим, чак и кад су се два кратка сечива укрстила, краљ лопова намерно баци своје сечиво и насмеја се. «Чему то, стари мој?» рече он мрцавим италијанским."
002_Raj_za_lopove_2340-2360.mp3,2340,2360,"Ova prokleta farsa uskoro će biti završena. Kako to misliš, Vrdalamo jedna, Zabrekta raspomamljeni pesnik, Zar je tvoja odvažnost varljiva koliko i tvoja čast? Sve je kod mene vadljivo. Uzvrat i bivši vodič veoma raspoložni."
002_Raj_za_lopove_2360-2380.mp3,2360,2380,"Ja sam glumac, iako sam ikada imao ličnost, na nju sam potpuno zaboravio. Razbojnik sam koliko i vodič, ja sam samo hrpa maski, a s time ne možeš na dvoboj. I on se nasmeja dečački zadovoljen i povrati svoj stari stav raširenih nogu, leđima okrenut čarkama na drumu."
002_Raj_za_lopove_2380-2400.mp3,2380,2400,"Мрак се спуштао по планинским обронцима и није било лако разабрати како је напрадовала битка, осим што су високе прилике водила своје конје кроз збијану гомилу разбојника, који су изгледа били склони томе да изнорају обсаднике, него да их убијају. Све је то више посећало на грацки свет који препредавају."
002_Raj_za_lopove_2400-2420.mp3,2400,2420,"Пречује пролаз полицији, него на оно што је песник замишљао као последњи отпор отписаних и изопштаних људи од крви и меса. Само што је прврнуо очима од запрепашћења, он осети да је га је неко ухватио за лакат и угледа чудноватог маланог свештаника како стоји ту као сићујешни ноје с огромними штојами."
002_Raj_za_lopove_2420-2440.mp3,2420,2440,"tražeći uslugu u vidu reči ili dve. «Signor Muscari», reče sveštenik, «u ovoj neobičnji krizi, ugljad može da se ostavi po strani. Bez uvrede, mogu da vam kažem na koji način ćete učiniti više dobro nego da pomaže žandarmima, koji su se obični"
002_Raj_za_lopove_2440-2460.mp3,2440,2460,"da će se u svakom slučaju probiti. Dopustit ćete mi besprimernu drskost, ali da li vam je stalo do devojke? Hoću da kažem, da li vam je stalo dovoljno da biste se oženili njome i postali joj dobar muž? Da, reče pesnik jednostavno. Da li je njoj stalo do devojke?"
002_Raj_za_lopove_2460-2480.mp3,2460,2480,"«Stalo do vas? Mislim da jeste», glasio je podjenako ozbiljen odgovor. «Onda pođite do nje i ponudite joj sebe», reče sveštenik. «Ponudite joj sve što možete, ponudite joj nebo i zemlju, ako ste ih stekli. Vreme izmiče». «Zbog čega?», upita za preplavu."
002_Raj_za_lopove_2480-2500.mp3,2480,2500,"čovek od književnog zanata. Zbog toga što se, reče otac Braune, njena zlako primiče putem, ništa se ne primiče putem, usprotivi se muskari, osim spasa. Dakle, samo vi pođite tamo, reče savetnik, i budite svi."
002_Raj_za_lopove_2500-2520.mp3,2500,2520,"premni da izdavite od spasitelja. Gotovo i neokončavši rečenicu, pod težinom razbojnika u begu, živica popusti dužu čitavog rebena, a oni su uranjali u žbunje i ugustu travo po poraženih u begu, a svuda izad polomljene živice videli su se velike šeširi konja."
002_Raj_za_lopove_2520-2540.mp3,2520,2540,"жандармерију у пролазу. Уследило још једно наредђење. Уследио је карактеристичан шум уз који конјаници сјакаше, а високи официр с накрљеним шеширом, седом зашилјеном брадом и папиром у руци појави су у процепу који је представљао капију раја за лопове."
002_Raj_za_lopove_2540-2560.mp3,2540,2560,"У тренутку настаде тајац, који на најнеобичнији начин прекиде банкар, узвикнувши промуклим и дављанићким гласом «Опљачкан, опљачкан сам». «Е, па то је било пре неколико сати», узвикнује његов син за препащено, «кад су те оробили за две хиљаде фунти»."
002_Raj_za_lopove_2560-2580.mp3,2560,2580,"Не за две хиљаде фунти, рече финансијер, изненадном и застрашујучјом прибраноћћу, само за боћицу. Полицајет седе за шилјене браде, корачао је преко зелене утрине. Наишавши на својом путу на краља Лопова, он га потрша по рамену."
002_Raj_za_lopove_2580-2600.mp3,2580,2600,"неодређено између благог додира и доброг ударца, одгурнувши га тако да се овај готово зататурао. «И ви ћете упасти у невоље», рече он, «будете ли покушавали својим смицалицама». Још једном, Мускаријевом уметничком оку, ово једва да је личила на једно."
002_Raj_za_lopove_2600-2620.mp3,2600,2620,"нахватање великог залијског одметника. Прошовши даље, полицајац застаде испред херогејтове дружине и рече «Самујеле херогејте, у име закона, хапсим вас за проневеру фонда Халове и Х. А. Дрсфилдове банке»."
002_Raj_za_lopove_2620-2640.mp3,2620,2640,"Naizgled se na trenutak zamisli i pre nego što je Ika uspeo da se umeša, on se napola okrenuo i jednom koraku nađe se na rubu spolješnjeg planinskog masiva. Potom, podigavši ruke u vis, odskoči upravo onako kako iskoče i iskočije. Ali ovog puta nije poslovno."
002_Raj_za_lopove_2640-2660.mp3,2640,2660,"пао на меку утрину одмах испод, пао је 300 метара ниже, претворивши се у остатке костију. Гнев италијанског полицајца, који је речито исказао Оцу Брауну, увелико је био помешан с дивљањем и личило је на њега да нам на крају умакне."
002_Raj_za_lopove_2660-2680.mp3,2660,2680,"Рече он. Био је велики разбојник. Ако баш хоћете, ова његова последња смицалица верујем да је била сасвим без преседана. С новцем предузеће побегао у Италију и у ствари извео да га заробе лажни разбојници."
002_Raj_za_lopove_2680-2700.mp3,2680,2700,"njegovom trošku, čime vi objasnijuje to kako je nestao novaci, kako je nestao on lično. Taj zahtev za otkupom veći deo policije shvatio je veoma ozbiljno. Međutim, on je godinama stvari izvodio uspešno poput ove. Uspešno gotovo poput ove. Veoma će nedostajate svoju porodici."
002_Raj_za_lopove_2700-2720.mp3,2700,2720,"Мускари је одводио уцвелјану кћерку, која се чврсто припила уз њега, као што је потом годинама имала обичај да се припија. Међутим, чак и у несрећи с тако трагичним крајем он није успео, а да не упути осмех и руку, не поправљимо вајецу Монтани и пријателе Старе."
002_Raj_za_lopove_2720-2740.mp3,2720,2740,"napola izvrgnutom ruglu. — А куд идеш после овог? — опита га он преко рамена. — Бирмингем, — одврати лумац, поћкајући цигарету. — Зар ти нисам рекао да сам футуриста? — Ако у иште верујем, онда верујем у те ствари. Промена у журбе."
002_Raj_za_lopove_2740-2760.mp3,2740,2760,"и нове ствари саког јутра. Идем у Манчестер, Ливерпул, Лиц, Хал, Хадерсфилд, Глазгов, Чикаго. Укратко. Идем у просвећен, жустар, цивилизован свет. Укратко. Речем у Скари."
002_Raj_za_lopove_2760-2763.mp3,2760,2763,У прави рај за лопове.
